{"cameraMode":{"drawMode":0,"name":"Shaded","section":"Shading Mode"},"sceneLighting":true,"audioPlay":false,"sceneViewState":{"showFog":true,"showMaterialUpdate":false,"showSkybox":true,"showFlares":true,"showImageEffects":true,"showParticleSystems":true},"in2DMode":false,"pivot":{"x":-86.3451156616211,"y":-88.12010955810547,"z":71.73004913330078},"rotation":{"x":-0.2914751172065735,"y":0.39955127239227297,"z":-0.13565704226493836,"w":-0.8584890365600586},"size":81.39410400390625,"orthographic":false}